record_id,week,date,country,party_id,party,research_family,evidence_class,document_type,action_type,title,summary,source_url,stable_record_url,summary_authorship,human_validation_status
107264ae79001debabd2,2026-W40,2026-10-01,LU,deilenk,déi Lénk,far-left,direct/official,site_scrape,Organisational change,déi Lénk,"déi Lénk announces that Ana Correia da Veiga and Gary Diderich will replace Marc Baum and David Wagner as MPs according to the party's rotation principle, three years after the legislative elections, and organizes a series of public meetings across Luxembourg in October 2026.",https://dei-lenk.lu/agenda?eventid=214109#event-214109,https://neilmegas.github.io/radicalneilbar/issues/2026-W40.html#item-107264ae79001debabd2,AI-assisted or deterministic fallback,not independently human-validated
8104c8641192606ea381,2026-W40,2026-09-28,GR,niki,NIKI,far-right,direct/official,site_scrape,Parliamentary intervention,"Νατσιός: «Αν η Ελλάδα δεχθεί επίθεση, η Ευρώπη θα πολεμήσει στο πλευρό της;»","NIKH President Dimitris Natsios submitted a parliamentary question to Foreign Minister Georgios Gerapetritis asking the government to raise at the October 2026 European Council the issue of practical application of EU mutual defense clause (Article 42§7) in case of armed attack against a member state, in the context of Greek-Turkish tensions and the Crete-Cyprus electricity interconnection.",https://nikh.gr/natsios-an-i-ellada-dechthei-epithesi-i-evropi-tha-polemisei-sto-plevro-tis/,https://neilmegas.github.io/radicalneilbar/issues/2026-W40.html#item-8104c8641192606ea381,AI-assisted or deterministic fallback,not independently human-validated
abaf6d9ee06678c635ae,2026-W40,2026-09-28,IT,poterealpopolo,Potere al Popolo,far-left,direct/official,site_scrape,Public statement,Il lento suicidio del centrosinistra. Una sinistra compromessa è la gioia della destra.,Power to the People! published an article by Yanis Varoufakis arguing that compromised centre-left parties enable the rise of the far-right and that the left should remain in opposition rather than govern with false promises.,https://poterealpopolo.org/notizie/approfondimenti/2026/09/28/lento-suicidio-centrosinistra-gioia-destra/,https://neilmegas.github.io/radicalneilbar/issues/2026-W40.html#item-abaf6d9ee06678c635ae,AI-assisted or deterministic fallback,not independently human-validated
ac5d8a4847a968e58c58,2026-W40,2026-09-28,AT,fpo,FPÖ,far-right,direct/official,site_scrape,Policy proposal,Schluss mit Betroffenheit und Kuscheljustiz,"The Freedom Party of Austria announced it will propose its child protection package in the National Parliament, demanding drastic increases in penalties for child sexual abuse including life imprisonment and ending what it calls lenient justice policies.",https://www.fpoe.at/aktuell/artikel-detailansicht/schluss-mit-betroffenheit-und-kuscheljustiz,https://neilmegas.github.io/radicalneilbar/issues/2026-W40.html#item-ac5d8a4847a968e58c58,AI-assisted or deterministic fallback,not independently human-validated
b22fd5a4db5d902c50be,2026-W40,2026-09-27,PT,pcp,PCP,far-left,direct/official,site_scrape,Policy proposal,Partido Comunista Português,"The Portuguese Communist Party announced it will present parliamentary initiatives to ensure state funding for 20-euro intermodal passes in metropolitan areas from January 1st, extend 20-euro passes to all intermunicipal communities covering all transport modes, provide free passes for those over 65, and invest in expanding public transport services including railway maintenance.",https://www.pcp.pt/sobre-entrada-em-vigor-do-passe-ferroviario-verde-nos-suburbanos-de-lisboa-porto,https://neilmegas.github.io/radicalneilbar/issues/2026-W40.html#item-b22fd5a4db5d902c50be,AI-assisted or deterministic fallback,not independently human-validated
2d1f4e6ebd044749c119,2026-W40,2026-09-27,FR,npar,NPA-Révolutionnaires,far-left,direct/official,site_scrape,Mobilisation or protest,Fermeture des urgences de LegouestÂ : rompez les rangsÂ !,"The New Anticapitalist Party – Revolutionaries reports on mobilizations against the closure of Legouest emergency services in Metz, calling for strikes on September 29 and a demonstration on October 3, 2026, criticizing military budget priorities over healthcare funding.",https://npa-revolutionnaires.org/articles/fermeture-des-urgences-de-legouest-rompez-les-rangs,https://neilmegas.github.io/radicalneilbar/issues/2026-W40.html#item-2d1f4e6ebd044749c119,AI-assisted or deterministic fallback,not independently human-validated
1ee4bcf377f9c7aa470d,2026-W40,2026-09-27,GR,mera25,MeRA25,far-left,direct/official,site_scrape,Public statement,ΜέΡΑ25 app,"MeRA25 United Left issued a statement on 27 September 2026 commemorating the 85th anniversary of the founding of the National Liberation Front (EAM) in 1941, drawing parallels between historical resistance to fascism and contemporary struggles against oligarchy and for popular sovereignty.",https://mera25.gr/to-mera25-enotiki-aristera-gia-tin-epeteio-ton-85-chronon-apo-tin-idrysi-tou-eam/,https://neilmegas.github.io/radicalneilbar/issues/2026-W40.html#item-1ee4bcf377f9c7aa470d,AI-assisted or deterministic fallback,not independently human-validated
4ea85f1b758628c91c2c,2026-W40,2026-09-27,CH,pda,PdA/PST,far-left,direct/official,site_scrape,Public statement,Neutralitätsinitiative und Ernährungsinitiative abgelehnt,"The Swiss Party of Labour (PdAS) expressed regret over the rejection of both the Neutrality Initiative and the Food Initiative in the September 27, 2026 referendum, stating it will continue campaigning for ecological agriculture, disarmament, and opposition to military alliances.",https://pda.ch/2026/09/neutralitaetsinitiative-und-ernaehrungsinitiative-abgelehnt/,https://neilmegas.github.io/radicalneilbar/issues/2026-W40.html#item-4ea85f1b758628c91c2c,AI-assisted or deterministic fallback,not independently human-validated
fd9e2e5f6d9e881f6780,2026-W40,2026-09-27,IT,lega,Lega,far-right,direct/official,site_scrape,Mobilisation or protest,La Settimana Leghista #38 - Lega per Salvini Premier,"League party held its annual Pontida rally and announced multiple policy initiatives including postponing Euro 5 diesel ban, approving nuclear energy legislation, banning burqa and niqab in schools, proposing measures against political Islam, advancing regional autonomy, and pushing for pension reform at age 64 and flat tax expansion.",https://legaonline.it/la-settimana-leghista-38/,https://neilmegas.github.io/radicalneilbar/issues/2026-W40.html#item-fd9e2e5f6d9e881f6780,AI-assisted or deterministic fallback,not independently human-validated
f834a1598bc1f8490e64,2026-W40,2026-09-27,IE,pbp,People Before Profit,far-left,direct/official,site_scrape,Mobilisation or protest,People Power Stops Orange Order at Garvaghy - PBP Representatives Join Overnight Blockade,"People Before Profit representatives including MLA Gerry Carroll, TD Paul Murphy, and Dublin City Councillor Conor Reddy joined residents in an overnight blockade of Garvaghy Road to prevent an Orange Order march, with over a thousand people participating in solidarity.",https://www.pbp.ie/people-power-stops-orange-order-at-garvaghy-pbp-representatives-join-overnight-blockade/,https://neilmegas.github.io/radicalneilbar/issues/2026-W40.html#item-f834a1598bc1f8490e64,AI-assisted or deterministic fallback,not independently human-validated
9522125ede8aeb038920,2026-W40,2026-09-26,IT,fdi,FdI,far-right,direct/official,site_scrape,Mobilisation or protest,FdI: campagna in tutta Italia per fermare l’integralismo islamico,"Brothers of Italy launched a nationwide signature-collection campaign called ""Nessuna resti nascosta"" (None Remain Hidden) supporting a parliamentary proposal to ban full veils in public places, punish arranged marriages, prohibit virginity certificates, impose stricter controls on places of worship, and counter what the party describes as Islamic fundamentalism.",https://www.fratelli-italia.it/fdi-campagna-in-tutta-italia-per-fermare-lintegralismo-islamico/,https://neilmegas.github.io/radicalneilbar/issues/2026-W40.html#item-9522125ede8aeb038920,AI-assisted or deterministic fallback,not independently human-validated
17a610f908aed1924e59,2026-W40,2026-09-25,FR,lfi,LFI,far-left,direct/official,site_scrape,Policy proposal,"Parcoursup trie, nous l’abolirons : l’acces à l’enseignement supérieur doit être garanti pour toutes et tous","The France Unbowed parliamentary group announced it will defend the abolition of Parcoursup through legislative proposals and budget battles, proposing to open 150,000 additional places in higher education and guarantee every baccalaureate holder access to their chosen program.",https://lafranceinsoumise.fr/2026/09/25/parcoursup-trie-nous-labolirons-lacces-a-lenseignement-superieur-doit-etre-garanti-pour-toutes-et-tous/,https://neilmegas.github.io/radicalneilbar/issues/2026-W40.html#item-17a610f908aed1924e59,AI-assisted or deterministic fallback,not independently human-validated
6bd0132a7fee5083c128,2026-W40,2026-09-25,DE,afd,AfD,far-right,direct/official,site_scrape,Public statement,Stefan Möller: Ministerpräsidenten stemmen sich mit undemokratischen Mitteln gegen den eigenen Machtverlust - Alternative für Deutschland,"AfD deputy federal spokesman Stefan Möller criticized the decision by German state premiers to prevent Saxony-Anhalt from assuming the rotating chair of the Conference of Minister-Presidents, which would have allowed AfD's Ulrich Siegmund, as future minister-president after AfD's election victory, to chair the body.",https://www.afd.de/stefan-moeller-ministerpraesidenten-stemmen-sich-mit-undemokratischen-mitteln-gegen-den-eigenen-machtverlust/,https://neilmegas.github.io/radicalneilbar/issues/2026-W40.html#item-6bd0132a7fee5083c128,AI-assisted or deterministic fallback,not independently human-validated
f4e60bce06264717f053,2026-W40,2026-09-23,DE,dielinke,Die Linke,far-left,direct/official,site_scrape,Public statement,Tankrabatt: Der Appell des Kartellamtes ist ein Ausdruck von Hilfslosigkeit,Die Linke party chair Ines Schwerdtner criticizes the cartel office's appeal to oil companies regarding fuel discount pass-through and calls for a proper price supervisory authority and profit margin cap to end price gouging at gas stations.,https://www.die-linke.de/start/presse/detail/news/tankrabatt-der-appell-des-kartellamtes-ist-ein-ausdruck-von-hilfslosigkeit/,https://neilmegas.github.io/radicalneilbar/issues/2026-W40.html#item-f4e60bce06264717f053,AI-assisted or deterministic fallback,not independently human-validated
508980e723aa4912862c,2026-W40,2026-09-22,GB,greenparty,Green Party,far-left,direct/official,site_scrape,Public statement,Has football lost its soul?,The Green Party published an opinion piece criticising football governance and proposing a £5bn package to fund grassroots sport alongside a mechanism for local authorities to buy shares in professional clubs with dividends reinvested locally.,https://greenparty.org.uk/2026/09/22/has-football-lost-its-soul/,https://neilmegas.github.io/radicalneilbar/issues/2026-W40.html#item-508980e723aa4912862c,AI-assisted or deterministic fallback,not independently human-validated
09a09bbe6cb4d9e70cbe,2026-W39,2026-09-20,GR,syriza,SYRIZA,far-left,direct/official,party_search,Public statement,ΣΥΡΙΖΑ-ΠΣ – Επίσημη Ιστοσελίδα του Συνασπισμού Ριζοσπαστικής Αριστεράς,"SYRIZA-PS website displays recent statements by party officials including Dourou accusing New Democracy of blackmailing voters with Greek-Turkish relations, Pappas criticizing government fiscal policy with 9 billion surplus, and Arvanitis addressing the European Parliament on far-right rise and demographic crisis.",https://syriza.gr/,https://neilmegas.github.io/radicalneilbar/issues/2026-W39.html#item-09a09bbe6cb4d9e70cbe,AI-assisted or deterministic fallback,not independently human-validated
011f3f7049dbe43304d4,2026-W39,2026-09-19,CH,solidarites,solidaritéS,far-left,direct/official,site_scrape,Public statement,La mauvaise mémoire n’est pas le problème,"solidaritéS publishes an analysis arguing that the AfD's electoral success in Germany (43.8% in Saxe-Anhalt, 38.2% in Mecklembourg-Poméranie-Occidentale on 6 September 2026) cannot be explained by voters forgetting Nazi history, but rather by the contemporary far-right's dissociation of fascist ends from genocidal means, and calls for antifascist politics to address material causes of crisis rather than relying solely on historical memory.",https://solidarites.ch/journal/469-2/afd-la-mauvaise-memoire-n-est-pas-le-probleme/,https://neilmegas.github.io/radicalneilbar/issues/2026-W39.html#item-011f3f7049dbe43304d4,AI-assisted or deterministic fallback,not independently human-validated
b0c241bd10e3ea219137,2026-W39,2026-09-18,NL,ja21,JA21,far-right,direct/official,site_scrape,Parliamentary intervention,JA21 boekt resultaten bij de Algemene Politieke Beschouwingen,"JA21 secured passage of two motions during the 2026 General Political Debates requiring the government to present a plan to prevent broad judicial interpretation of the ECHR before the asylum budget debate and establishing a national ban on face-covering clothing at demonstrations, while also presenting a legislative initiative to prevent permanent closure of Groningen gas wells.",https://ja21.nl/nieuws/artikel/ja21-boekt-resultaten-bij-de-algemene-politieke-beschouwingen,https://neilmegas.github.io/radicalneilbar/issues/2026-W39.html#item-b0c241bd10e3ea219137,AI-assisted or deterministic fallback,not independently human-validated
62ff63d3a04ca1fb96e7,2026-W39,2026-09-17,SE,vansterpartiet,Vänsterpartiet,far-left,direct/official,site_scrape,Election or campaign,Adjö Tidö,"The Left Party (Vänsterpartiet) announced it achieved 8.4 percent in the 2026 election, becoming the fourth-largest party in the Riksdag and its second-best result since World War II, and stated it will begin negotiations to govern Sweden, regions, and municipalities.",https://www.vansterpartiet.se/nyheter/adjo-tido/,https://neilmegas.github.io/radicalneilbar/issues/2026-W39.html#item-62ff63d3a04ca1fb96e7,AI-assisted or deterministic fallback,not independently human-validated
30d509b4db8873775f7d,2026-W39,2026-09-17,CH,mcg,MCG,far-right,direct/official,site_scrape,Public statement,Le Conseil d’Etat n’arrive pas à gérer la situation,"The Geneva Citizens' Movement criticizes the Geneva State Council's 2027 budget, which shows a 546 million deficit despite 500 million revenue increase, and demands cantonal preference in employment while opposing cross-border spending and transfers to France.",https://mcge.ch/le-conseil-detat-narrive-pas-a-gerer-la-situation/,https://neilmegas.github.io/radicalneilbar/issues/2026-W39.html#item-30d509b4db8873775f7d,AI-assisted or deterministic fallback,not independently human-validated
f597650bd2e04c1e8417,2026-W38,2026-09-15,DE,heimat,Die Heimat,far-right,direct/official,site_scrape,Public statement,"Die umbenannte SED siegt wieder, diesmal bei den Kindern","Die Heimat Berlin chairman Andreas Käfer criticized the Linke party's first-place finish (32.8%) in Berlin's U16 mock election, calling it a consequence of inadequate education about SED dictatorship history and demanding stronger instruction about DDR totalitarianism.",https://die-heimat.de/berlin-u16-wahl-linke-sed-kaefer/,https://neilmegas.github.io/radicalneilbar/issues/2026-W38.html#item-f597650bd2e04c1e8417,AI-assisted or deterministic fallback,not independently human-validated
6c01e3f83a2c449ac21b,2026-W37,2026-09-07,SE,sd,SD,far-right,direct/official,site_scrape,Organisational change,Sverigedemokraternas valfilm för valet 2026: Jimmies film,Sweden Democrats released their 2026 election campaign film featuring party leader Jimmie Åkesson reflecting on Sweden's changing security situation and his political journey to restore what he describes as a safe and confident Sweden.,https://www.sd.se/sverigedemokraternas-valfilm-for-valet-2026-jimmies-film/,https://neilmegas.github.io/radicalneilbar/issues/2026-W37.html#item-6c01e3f83a2c449ac21b,AI-assisted or deterministic fallback,not independently human-validated
6f5f4c0e736e89c22f0b,2023-W03,2023-01-20,BE,vlaamsbelang,Vlaams Belang,far-right,direct/official,party_archive,Legal action,Staatseigendom verbeurd verklaard: “Belgisch asielbeleid nu ook letterlijk failliet”,"Vlaams Belang MP Dries Van Langenhove criticizes Belgium's asylum policy after a seizure judge confirmed that Fedasil must pay penalty fines, calling the asylum policy literally bankrupt and blaming excessive influx encouraged by lax government policies.",https://www.vlaamsbelang.org/nieuws/staatseigendom-verbeurd-verklaard-belgisch-asielbeleid-nu-ook-letterlijk-failliet,https://neilmegas.github.io/radicalneilbar/issues/2023-W03.html#item-6f5f4c0e736e89c22f0b,AI-assisted or deterministic fallback,not independently human-validated
56d5e7b8f20080628346,2026-W40,2026-09-28,FR,rn,RN,far-right,outside reporting,press,Election or campaign,National Rally Secures Historic Breakthrough in French Senate Elections - EU Today,National Rally achieved a historic breakthrough in French Senate elections.,https://news.google.com/rss/articles/CBMie0FVX3lxTE9feU81TlZ3RVZNbGtmNmxaSHQ4eWhmbjBqUXRuYmVxY09EeG50eEpLeHVhT2xnSE05blhmSDd6REZ5bXFDVEZ5cXc2dXFGQi1ySGd5VjNUMzFIcEo4SzhHUEtLd1N1dHZYSWUtTzhmaEpxLUpucXZVRWdOZw?oc=5,https://neilmegas.github.io/radicalneilbar/issues/2026-W40.html#item-56d5e7b8f20080628346,AI-assisted or deterministic fallback,not independently human-validated
b8745a7211ddf2b48218,2026-W40,2026-09-28,IL,hadash,Hadash,far-left,outside reporting,press,Public statement,The Communist Party and the Front: We will not succumb to attempts at erasure and exclusion... We will continue to enforce the legitimacy of our political representation - وكالة صدى نيوز,"The Communist Party and the Democratic Front for Peace and Equality issued a joint statement rejecting attempts at political erasure and exclusion, vowing to continue asserting the legitimacy of their political representation.",https://news.google.com/rss/articles/CBMiVkFVX3lxTFA3ZUhQTjh4NElyM1ZuaHZFdFhqd2NRYS1ndDdBRlg0eUhqZ19EMEVYYy1xbW5vQmZGdUw5V1NKWjE5RGp1UzVxUkRsTDhtNjdVVmhzWXZn?oc=5,https://neilmegas.github.io/radicalneilbar/issues/2026-W40.html#item-b8745a7211ddf2b48218,AI-assisted or deterministic fallback,not independently human-validated
4b3a3e1d081232fe2f2f,2026-W40,2026-09-28,IE,nationalpartyie,National Party,far-right,outside reporting,press,Policy proposal,Building the Future: National's Economic Plan - National Party,"The National Party has released an economic plan titled ""Building the Future.""",https://news.google.com/rss/articles/CBMiZkFVX3lxTE9Xc0k5VEl0NUktekNwM3JocXFIeWtXLTNkRnVWb0trTVZJNS1keER0R0xmeWthWEQtdHFEeDJBQXIyYU9wajNxb1Vmd3lCd2dNczBZd08ybHEyT2ZOVWxOcWttMGhnQQ?oc=5,https://neilmegas.github.io/radicalneilbar/issues/2026-W40.html#item-4b3a3e1d081232fe2f2f,AI-assisted or deterministic fallback,not independently human-validated
95df7087e7986c272df2,2026-W40,2026-09-28,ES,vox,Vox,far-right,outside reporting,press,Reported development,"General elections survey: Vox gains 5 seats, the PSOE recovers 4 and PP and Vox reach 207, according to SocioMétrica - Demócrata","A SocioMétrica poll shows Vox gaining 5 seats in a general election survey, with PP and Vox together reaching 207 seats while PSOE recovers 4 seats.",https://news.google.com/rss/articles/CBMiqgJBVV95cUxOQ2VHWDZLUzZVUFN6TkU4SEJpR2NBb2RpRjZBc3A5alA0RDBPZVhZeGViZVZCNjdlWmIzUGlXSGtqUW1pVEsyOFMyaFZkelhfZHRYUkMzelF4LVdtWl9sN1pFckxBUFdHZ1VvSlJpY0JzXzNjbDREcXlfd2J1ZUQ4cFk3cU55a3RQYTAtczZUTklGckhiN3R2MzQwVzZmS1ZYY0Jzd3p2MXVYVW1rY2tjQVhLTTB4TmkybC1udXJjVDFaZU13T0dnM1daNndvY19YSkR3amhma3hubG5MQm43eTZEdkd6eXFnaGZhbzEzT1AxYk1ZaHhCLWVoYVk1bUNmWTlhVFNWX3ZXcHRidzFURXF3NkxMbFg1ekl5SFZrd2VEUmpFbl9kZ2ZR0gGqAkFVX3lxTE5DZUdYNktTNlVQU3pORThIQmlHY0FvZGlGNkFzcDlqUDREME9lWFl4ZWJlVkI2N2VaYjNQaVdIa2pRbWlUSzI4UzJoVmR6WF9kdFhSQzN6UXgtV21aX2w3WkVyTEFQV0dnVW9KUmljQnNfM2NsNERxeV93YnVlRDhwWTdxTnlrdFBhMC1zNlROSUZySGI3dHYzNDBXNmZLVlhjQnN3enYxdVhVbWtja2NBWEtNMHhOaTJsLW51cmNUMVplTXdPR2czV1o2d29jX1hKRHdqaGZreG5sbkxCbjd5NkR2R3p5cWdoZmFvMTNPUDFiTVloeEItZWhhWTVtQ2ZZOWFUU1ZfdldwdGJ3MVRFcXc2TExsWDV6SXlIVmt3ZURSakVuX2RnZlE?oc=5,https://neilmegas.github.io/radicalneilbar/issues/2026-W40.html#item-95df7087e7986c272df2,AI-assisted or deterministic fallback,not independently human-validated
d18a22274fb83406079f,2026-W40,2026-09-28,IL,otzma,Otzma Yehudit,far-right,outside reporting,press,Public statement,‘I want to kill you’: Ben Gvir films himself berating terrorist behind deadly 1996 bus bombings - The Times of Israel,"Itamar Ben Gvir filmed himself confronting a terrorist responsible for deadly 1996 bus bombings, telling the individual 'I want to kill you.'",https://news.google.com/rss/articles/CBMixgFBVV95cUxPQnFHVy04MjZiaGRTclNwMXN3R2xPbVhPWGpwdDZwQ1M4ZWlaNmNqaXFBVVFiSFhZOVVObUw1ci1VY2hQUzVzZnh0LUpiMklsWl9fQTVRaXQyMVBIZ21xYlFxR3NYX2YzU3FhRlp6YUgyM2ZpS2IzX2JTMjMtbkNXZmNDQlp4UHdMWU50bEoyYUNaZlc3MzFTamlROGtscTI2SGpoMkoyYUs5am53ZHFHR21RMjk2NmdnMU5xOGJCR19FS1ZiZnfSAcYBQVVfeXFMT0JxR1ctODI2YmhkU3JTcDFzd0dsT21YT1hqcHQ2cENTOGVpWjZjamlxQVVRYkhYWTlVTm1MNXItVWNoUFM1c2Z4dC1KYjJJbFpfX0E1UWl0MjFQSGdtcWJRcUdzWF9mM1NxYUZaemFIMjNmaUtiM19iUzIzLW5DV2ZjQ0JaeFB3TFlOdGxKMmFDWmZXNzMxU2ppUThrbHEyNkhqaDJKMmFLOWpud2RxR0dtUTI5NjZnZzFOcThiQkdfRUtWYmZ3?oc=5,https://neilmegas.github.io/radicalneilbar/issues/2026-W40.html#item-d18a22274fb83406079f,AI-assisted or deterministic fallback,not independently human-validated
186cfcb16d87c1af3a8f,2026-W40,2026-09-27,NL,pvv,PVV,far-right,outside reporting,press,Public statement,Germany’s AfD is so extreme it’s putting off other far-right parties - RNZ,Other far-right parties are reportedly distancing themselves from Germany's AfD due to its extreme positions.,https://news.google.com/rss/articles/CBMirgFBVV95cUxObm9kMFlFSURNOU85T1EyUUVLY3FfSk55MnozcjNkUXVoV1dIeU9iNktNNUxRZXItdEEyRkJiWFp6NHdmTTVTbl9XY2pHb2pkcVRUTnJDTkcwV3U5RlRYZTB4TjZ1REs5UDlEcEViLUt3NmhsRjRZYzJkLVVxeVpLc3BHbkNva3hfOUtGLURsa0xmMWlodDgwU2VqcjBtRXZHUzZXZXpJaUxiUzg0ZVE?oc=5,https://neilmegas.github.io/radicalneilbar/issues/2026-W40.html#item-186cfcb16d87c1af3a8f,AI-assisted or deterministic fallback,not independently human-validated
f1ca519340b96a5b7f1b,2026-W40,2026-09-27,IL,religiouszionism,Religious Zionism,far-right,outside reporting,press,Public statement,"Bezalel Smotrich, Strock demand Benjamin Netanyahu reject new Gaza Board of Peace plan - jpost.com",Bezalel Smotrich and Orit Strock publicly demanded that Prime Minister Benjamin Netanyahu reject a new Gaza Board of Peace plan.,https://news.google.com/rss/articles/CBMiXEFVX3lxTE1EUndxMTFHWEJoSllQdGxEZUZiRlV5OU43MkVHZExlT1ZpWFlpT0FQYUJ3RFdNSnFILWFZdU9HUHpXTmR3cXpxRjZwSGQ3MVVNYWJvaW9vbTVubmp2?oc=5,https://neilmegas.github.io/radicalneilbar/issues/2026-W40.html#item-f1ca519340b96a5b7f1b,AI-assisted or deterministic fallback,not independently human-validated
582423e4538b29d8eced,2026-W40,2026-09-27,GB,reformuk,Reform UK,far-right,outside reporting,press,Reported development,‘Nigel loved her’: the mystery woman looking after Reform’s billionaire backers - The Observer,The Observer reports on a woman involved in managing relationships with Reform UK's billionaire financial backers.,https://news.google.com/rss/articles/CBMivAFBVV95cUxNTWpMLTNwOHdUaUNXbEVzdlBTWkxudV9yalVJZ2NQR0R2TDg0aE81TUdyNThfUk9nSHlZUGtWdXc2THlQQzBvYTViczIxbjJDdC05Zl9CV21QV210MTFuRDdxcWpoTGs4VVdGdGpPOHdqQmVoSzJCUWM5Q2dCbUt3Y0hGa0xoSVY1eVQ2MnRCY2g0VXFPV2FoMlZ3SG4wa1pwRVgxV1ZhSXNCQ3k5RWVfM25XQjBEeWFXMWV2Tw?oc=5,https://neilmegas.github.io/radicalneilbar/issues/2026-W40.html#item-582423e4538b29d8eced,AI-assisted or deterministic fallback,not independently human-validated
4e4c291917c9e5c6fda1,2026-W40,2026-09-27,GB,restorebritain,Restore Britain,far-right,outside reporting,press,Mobilisation or protest,“HE'S GETTING DEPORTED” Rupert Lowe's Restore Britain CONFRONT migrant in London URINATING in public - YouTube,"Rupert Lowe's Restore Britain confronted a migrant urinating in public in London, with statements about deportation.",https://news.google.com/rss/articles/CBMiXEFVX3lxTFBWT2ozSGFuQTBjSWlaQ21fYVEzVkRKQ3BzSU5MWlpuMHAxWUY2S2dkWGhlX0gxRDVaYXdMWXBNSjNqVnUwa1QxYjZUVXdtQkdBejdNeFNxN1cxNnky?oc=5,https://neilmegas.github.io/radicalneilbar/issues/2026-W40.html#item-4e4c291917c9e5c6fda1,AI-assisted or deterministic fallback,not independently human-validated
33d0858c2a9c64c96a33,2026-W40,2026-09-27,GR,ellinikilisi,Greek Solution,far-right,outside reporting,press,Election or campaign,"Yiannis Flevaris: In the upcoming elections, the Greek solution will elect a member of parliament in the Dodecanese. - Δημοκρατική της Ρόδου",Yiannis Flevaris stated that Greek Solution will elect a member of parliament in the Dodecanese region in the upcoming elections.,https://news.google.com/rss/articles/CBMizAFBVV95cUxONGFzTlZnUWhVQ3pzbmM0VWJxN1JuTWhHY0NoR1V2S05iTmg2b25rUW9VRi1vckk0MDFLb2JvQVN4U2V3dklENVFxbkxHbEFubElkNG1WUjB1OVFIN2wxTzZKZ0hxN0lYLVFZRnhuN0lZMTZ5Z19udjNJeENTa0IyOE9FUU0ySUhCaWtlTFN5dmJfb0ZOcEJQd2FnblQ1YXlEN3FvYWZYQzZkeE4tbzI0TzZya0haSjhFWkMxSTVleVpoSzFjb0VjUzhsTWk?oc=5,https://neilmegas.github.io/radicalneilbar/issues/2026-W40.html#item-33d0858c2a9c64c96a33,AI-assisted or deterministic fallback,not independently human-validated
318aca490e706ac0fb17,2026-W40,2026-09-27,GB,wpb,WPB,far-left,outside reporting,press,Public statement,"WATCH | Galloway, Ridley warn South Africans over political parties’ stance on Zionism - The Witness | Your compass in the community",George Galloway and Yvonne Ridley issued warnings to South Africans regarding political parties' positions on Zionism.,https://news.google.com/rss/articles/CBMivgFBVV95cUxPNEdaSW5FTmNpbUlzR3lCNmVzNHAyUG9GX1VYTnNYazJXdkQ4WW9MUlpLa09UaHNOaHE2UmFsQk13aHE3eC15MS12YW12MUlza1VhQXExT0g1MmNfR0ZidzFhb3d0WkJ5dlRoSEpjY3VQeFJzOE40WDdjc2VJWjlPQUlaM1JTdnV3Z09zeTRxNDY3UmN5cndtQ1pCLUlMc0NDeV9ZX0htX2ZWcTJkM2tBNHlMTkhkVExPcnQ0VnBR?oc=5,https://neilmegas.github.io/radicalneilbar/issues/2026-W40.html#item-318aca490e706ac0fb17,AI-assisted or deterministic fallback,not independently human-validated
a9125a9fe07042975407,2026-W40,2026-09-26,IE,irishfreedom,Irish Freedom Party,far-right,outside reporting,press,Reported development,"Far-right groups from Republic crossing border to stir tensions in nationalist areas, report warns - The Irish News",A report warns that far-right groups from the Republic of Ireland are crossing the border to stir tensions in nationalist areas of Northern Ireland.,https://news.google.com/rss/articles/CBMigwJBVV95cUxPdWt1SEpmYjZXc1Z5MXlpWXhVYmhZRWlYSzZKMy1ZNnYtOGo1ZmVfVURYeXVTNWFLMXllMnFDa20zRjhkNk5JamJvMUZGVkZzb1NpV3FGU1dnajFPb055dEtkR3NoOHRuVDhkTkcwdHdpbGpQdXp1NksweEU4d3lSX1gzdURnR2dwNmVrLXNzTnc0eVRoX0gwaUlSQVc4VlVYaWU0N1J1RFpQZUN2N1hzc3RHYlZJTC1BRGtmYW5kWHd6UVFveVg5SWRvOTFOY1RNUTA2RUxkaW5KM0gtNThveEw1eTFzNEMwWmRWdnhheS0yNzIteEgtc292Y0NXby1NX01F?oc=5,https://neilmegas.github.io/radicalneilbar/issues/2026-W40.html#item-a9125a9fe07042975407,AI-assisted or deterministic fallback,not independently human-validated
f19fbcfcf58c7449ac0d,2026-W40,2026-09-25,PT,bloco,Bloco de Esquerda,far-left,outside reporting,press,Parliamentary intervention,Parliament rejects all 14 proposals aimed at mitigating rise in cost of living - Portugal Resident,Portuguese Parliament rejected all 14 proposals aimed at mitigating the rise in cost of living.,https://news.google.com/rss/articles/CBMisgFBVV95cUxNZnUwa0JCd3NUUVVILWY5bUh1Qy1TZGdEQmNfVUlIeExfdko5SWgxWDc2VjhmMXV1c21RN0F5amwtS2cyREdmVXlMSmUtSGhucGp3MU5SRjNvS3BlTGx1RnkxUTBXVjNsUF9CR1VQR2pfNXNFbVpNckJQc2JsSEZHMm5BcnlGRW92QmhzWEtseU9FUTNJVm80S1VYOVhwVnhNVy1VbHRweERZYkN4S1QtazJ3?oc=5,https://neilmegas.github.io/radicalneilbar/issues/2026-W40.html#item-f19fbcfcf58c7449ac0d,AI-assisted or deterministic fallback,not independently human-validated
26c0d0234b65d1a5c09f,2026-W40,2026-09-23,IL,balad,Balad,far-left,outside reporting,press,Legal action,"אחרי רשימת רע""ם ויו""ר בל""ד: גם הרשימה המשותפת נפסלה בוועדת הבחירות - חרדים10","The Joint List, which includes the National Democratic Assembly (Balad), was disqualified by the Central Elections Committee, following earlier disqualifications of Ra'am party and Balad's chairman.",https://news.google.com/rss/articles/CBMiS0FVX3lxTE1ER2pZSE00ckM5dS1oYTdIWHFySzJXQ3hDTDdVclpzZU5zak9SSkJWOEp0aWVnLVZxd1NpeXBGZ2lNaU92THJ0ajVqVQ?oc=5,https://neilmegas.github.io/radicalneilbar/issues/2026-W40.html#item-26c0d0234b65d1a5c09f,AI-assisted or deterministic fallback,not independently human-validated
371c35e0679ca3069fca,2026-W40,2026-09-23,GR,symmachiaellinon,Συμμαχία Ελλήνων,far-right,outside reporting,press,Reported development,O Κασιδιάρης επέστρεψε και προκαλεί τρόμο στα δεξιά: Το ποσοστό που αγγίζει το νέο του κόμμα - SDNA,Ilias Kasidiaris has returned to politics with a new party that is reportedly achieving significant polling numbers and causing concern among right-wing parties.,https://news.google.com/rss/articles/CBMiuAFBVV95cUxNM2ZOQ2ZWbENMTEJURHhOandoVVp6TlFyTTBtci1KVGxsbmtSVkZWTWRYaWZhY0FfT1dDT1ZaYjFwcndJbWZlcXlIcTRPdkZubkJGeEZlSEo1ZENrYkVvTFJVc185c3BfbWtMSXVyOVMxOFFDc0tVWm5URmhUcU1jYzZrTEw4M2NNamdDelc2Vko4U3N2d3BvRHNjV2JjZ2NtTXp6eTUyQkQ4VlhyS0ZVeUJuVnJ6dHUt?oc=5,https://neilmegas.github.io/radicalneilbar/issues/2026-W40.html#item-371c35e0679ca3069fca,AI-assisted or deterministic fallback,not independently human-validated
56793e7e0819c81bfee5,2026-W40,2026-09-21,BE,ptb,PTB/PVDA,far-left,outside reporting,press,Reported development,"Poll: PTB consolidates Brussel, Vlaams Belang grows in Flanders, PS takes back Wallonia - The Brussels Times",A poll shows the Workers' Party of Belgium (PTB) consolidating its position in Brussels while the Vlaams Belang grows in Flanders and the PS regains ground in Wallonia.,https://news.google.com/rss/articles/CBMivwFBVV95cUxQc3doLTVBQ2tRX1BBYVVncmViZGVhZ1M3WDdVRk0yRTR6bDRTY2s2UlZiRDBlSjM0UjRmd1NvbVVqYmZ6ZUVDYVJrVUtTTVVwLUtnMmhOVGJJQjBtS2U3TXNoUXFYbEF2eFpma0RSeE4wUzZOam45RHJpZ2YwNnNLSE5LeG10MGJFTWhtSlQydUFILUVsZjh6OE96QnNFYWZDeUNCVGhEY1NhSUdWdUZ2YXlUam1QcEN1Y0x1TE5Gbw?oc=5,https://neilmegas.github.io/radicalneilbar/issues/2026-W40.html#item-56793e7e0819c81bfee5,AI-assisted or deterministic fallback,not independently human-validated
9e48234904eb9d844a14,2026-W39,2026-09-20,ES,podemos,Podemos,far-left,outside reporting,press,Public statement,"Sumar and Podemos applaud the victory of La Izquierda in Berlin and praise their housing policies: ""That is the way."" - Demócrata",Podemos and Sumar publicly praised the electoral victory of Die Linke (La Izquierda) in Berlin and endorsed their housing policies as a model to follow.,https://news.google.com/rss/articles/CBMi5gFBVV95cUxPWGxfbFYwUUI4SDRYMGNab1huLUJoWUVXUDJVQ2h5aXlPWHFnUWlkbmFaY2JkNDlEc0tCTFRkVk42QllUcVdHdElzSnk1ako5OU11VEltOXEtZ0VISW1pbkVkQndERDN1dUNjTXU3MVRYVDZFVTd1Y1ZyZHU3TGFVRERVTGlhTUoxSkp5LTdkM3RaMnp2alpHQ1dKNy1kYWdXZ2t6TUh2Nk52SmUtRHllejhxb0tyQk1RSTB1MXU1aHVzRjZ4ZmpTN2Z2V0wwdzB3cGRWMWswbmhLbmo5VWx6QlFzWVhrQdIB6wFBVV95cUxNLUMyamVlR1BSOXVkcUFra3BUdG50b3ZRZGVzRzR2SXNlUThQN3BqRlNYb19LZ21vdTZya2NlVUg5QkN0dmVxd21Jelkzd1ZGNXdzUmtvZkZ4emw1aWxpRjFMYzFlYlhOeWVNT0NibkxyVXV4MGRwMGdZc2Q3VUVreVNicjlmQ0lvUkh6am9ybnVpOVlSTFlXTWxYUXUyMlhDSHRyZW52cWZ1VG1GeTZRYnBQQ3NTdlR6QWVwZHk0TWswNVJDXzhQYXpvS1cxeC1QaXNIVHdlc0dMZXVBMVlhaDFjQjc1bHB3T2Rr?oc=5,https://neilmegas.github.io/radicalneilbar/issues/2026-W39.html#item-9e48234904eb9d844a14,AI-assisted or deterministic fallback,not independently human-validated
54a9177c500497248857,2026-W39,2026-09-20,FR,pcf,PCF,far-left,outside reporting,press,Mobilisation or protest,"Fuel: From a tollbooth in the Oise region, Fabien Roussel calls on the French to ""mobilize"" - ENTREVUE.FR",Fabien Roussel called on French citizens to mobilize regarding fuel issues from a tollbooth location in the Oise region.,https://news.google.com/rss/articles/CBMivAFBVV95cUxQYnk1N0Q0N1hWVUdZbVJpNGRtRGpjQ1U4UkxTRDlJRlRRLUt1dkkxQW9WLXFSOXhuc1poaEVaMUdwNld1VzVLSDRMUk42dmZET2lCYU56ZjNDVWtzWnBrR0dtdUpPbXFZeUVPLVAybmtrNzRZUGtud0VXSkYxNElxUmo1OTRtSXdlQjV0ZXFzNnJ3Nms4X2gwd1hhbGo4eVItR3YzdWFGR1FfMkhDbTFvY1RsdDFocTFHcUlFNw?oc=5,https://neilmegas.github.io/radicalneilbar/issues/2026-W39.html#item-54a9177c500497248857,AI-assisted or deterministic fallback,not independently human-validated
2ea3fb198112706ce631,2026-W39,2026-09-19,FR,reconquete,Reconquête,far-right,outside reporting,press,Election or campaign,Eric Zemmour announces comeback with migrant crackdown pledge - Yahoo,Eric Zemmour announces a political comeback with a pledge to crack down on migration.,https://news.google.com/rss/articles/CBMioAFBVV95cUxPZU55MXhCY2hKNXd5cEJ4Uk5ycWpqR01iU3pxMnVuTUhPN1RYSlRNMjZZN2VXam02ODJVUC1tMDV5WEtUclpRWDZRLVBUVXlDUXJKOFc1dnlYSmVQS0h0WXBtTzlvemtRci16RE1lYjB2clRvMUthWEtVYWNlbk9xc3pXdHVMblNmOWVROFBfanVpOTh1bG5scGJJbmZqYUZS?oc=5,https://neilmegas.github.io/radicalneilbar/issues/2026-W39.html#item-2ea3fb198112706ce631,AI-assisted or deterministic fallback,not independently human-validated
00a8f3f3d9a94dcb1fee,2026-W39,2026-09-18,DK,danskfolkeparti,Danish People's Party,far-right,outside reporting,press,Policy proposal,Denmark plans fivefold increase in fines for repeated violations of residency rules - The Copenhagen Post,Denmark plans to increase fines for repeated violations of residency rules by fivefold.,https://news.google.com/rss/articles/CBMiygFBVV95cUxOcjdqYmF3Vlo3QmZzWVh4dzJJYzZFeHBsUjlyRzYxbkFqZk4ybGE2dTJ2SFVQS3FacUY3TmFlem1mMzRGM2ZvVjdtZjhxTlFuM0dsNlBqM29zWTdSd1RGMGItT2dhYjI5blI5c0RZWVFmWk5Fei0yVzdHRm83d1Z5emRrdHhuc1o5VHpaVWhPSEk1cXhHbTZ1R1ZDYVBlT0llLVJobmdYM0hXazIzWXhrMW1iMXNFaGJzWF8tWS02dzNSYm1xcWVpZ1Zn?oc=5,https://neilmegas.github.io/radicalneilbar/issues/2026-W39.html#item-00a8f3f3d9a94dcb1fee,AI-assisted or deterministic fallback,not independently human-validated
a2f5fee0fe6a3816f720,2026-W38,2026-09-16,PT,chega,Chega,far-right,outside reporting,press,Public statement,"“Dictatorship, dictatorship, dictatorship” - CHEGA leader reacts to blanking of ‘potestative inquiry’ - Portugal Resident","Chega leader reacted to the rejection of a potestative inquiry by repeatedly stating ""dictatorship"" in criticism of the decision.",https://news.google.com/rss/articles/CBMixgFBVV95cUxPZTNGTTFRMUgxNldJeEVsd2U0eUVqVkVNazRncklhSkRpWmJOU1pOSko3LUxhUW5BWTI1aEtPZ3BGaFZKVW5aNUM5YUZWU2RYLUluQktLeWhTQ1ItbklURmRzLTczMmpkUnhZN2xtSTlVOFhDTUZHOVpfc2wybjl1R3N5Z3F5MHM2U2cwcG1xNGdBSEIyUTFlcUNfdkd2MUEzSEQxaTFmbEMwNE1IbXBsT05mNFF4dnhrMHgtQ2ZrQV9LY2xLcUE?oc=5,https://neilmegas.github.io/radicalneilbar/issues/2026-W38.html#item-a2f5fee0fe6a3816f720,AI-assisted or deterministic fallback,not independently human-validated
e87415d58172458788e8,2026-W38,2026-09-16,DE,bsw,BSW,far-left,outside reporting,press,Public statement,BSW founder accuses AfD of derailing Saxony-Anhalt talks - Yahoo,BSW founder Sahra Wagenknecht accused the AfD of derailing coalition or government formation talks in Saxony-Anhalt.,https://news.google.com/rss/articles/CBMimAFBVV95cUxPNUdrYnAtd21nMUtZWWxXX05IQ2o5MmcwY1cwUG1IdDdadDlreHN5c296ckdUMTE2Y2x3bGNlQXVpYS01Nk4tampEZjRMZGJlR2tBYTY1Q19CSlVlNDFxR2tHSW5fVWdwTFJNVXU1c1VoWDdLMEt2ZWpYX2MxeWNwVnRCVnBJajhaTHR1Yll6OXdEazQtazNxUA?oc=5,https://neilmegas.github.io/radicalneilbar/issues/2026-W38.html#item-e87415d58172458788e8,AI-assisted or deterministic fallback,not independently human-validated
3106839f65e8a0ea60b2,2026-W38,2026-09-15,NL,denk,DENK,far-left,outside reporting,web_search,Organisational change,Denk (political party) - Wikipedia,"In 2021, the Islam Democrats party, which had been active on the Hague Municipal Council, merged into DENK.",https://en.wikipedia.org/wiki/Denk_(political_party),https://neilmegas.github.io/radicalneilbar/issues/2026-W38.html#item-3106839f65e8a0ea60b2,AI-assisted or deterministic fallback,not independently human-validated
d9fb061689cbf2f78abe,2026-W38,2026-09-14,DK,enhedslisten,Enhedslisten,far-left,outside reporting,press,Policy proposal,Enhedslisten wants to create a new kind of ombudsman to hol - politiken.dk,Enhedslisten proposes creating a new type of ombudsman institution.,https://news.google.com/rss/articles/CBMi8gFBVV95cUxOVkkybXI2UGliOTJMQzlYbDJBVTN5eUJoWG5uajkyZnI1RjdrS0JLc2ZVdHh6UHZNb3JxM0daVXFWMzdLVGhpaVJkeUdkTHRXUTd0VkVVMlFVNmtwRmg3Y0VVUjZlXzhJT3drT1RRTU5KYWZCX3B0dGxBVVFXT093LXFSZ1d5TGhhWjJUTG45aEpoTDNyWWhyMm9Hd1RHTExUMWpfbHozT1hPSk9hRXY1QTZPMV9wOTlsQ3d3RGJOTDF5VzRXQWwtUk1qRm1qbzhsUklRRkxmd3YtdGNEZ1ZEeXlxZFAzNnhXLUpfLUcyOGJtZw?oc=5,https://neilmegas.github.io/radicalneilbar/issues/2026-W38.html#item-d9fb061689cbf2f78abe,AI-assisted or deterministic fallback,not independently human-validated
986d46422a7c9997e94f,2026-W36,2026-08-30,SE,nmr,NMR,far-right,outside reporting,press,Reported development,"A lone Black woman’s defiance of Swedish neo-Nazis, 10 years on - The Guardian",The Guardian published a retrospective article about a Black woman's defiance of Swedish neo-Nazis associated with the Nordic Resistance Movement ten years after the incident.,https://news.google.com/rss/articles/CBMiogFBVV95cUxPTlFPVGJXU0lIdXRZRl9RSnZSZm1XY2pOMHpNMHZHdUFYX3hCdkVsTG9FV1I0bXVwSmRwZDJWcWtsbVFtT1ZSX242UmNXRTRSUnRPSlNDUVFsdXNpY3dMbHdxZl9aSVd3QW1fejJwTnN3NE1odlpkcHJhX1k1eW1KckJpZlFaYmtGRjE3M2ZNcG5lNERTZVR6NFRFd0tiR0lkTmc?oc=5,https://neilmegas.github.io/radicalneilbar/issues/2026-W36.html#item-986d46422a7c9997e94f,AI-assisted or deterministic fallback,not independently human-validated
16013bf5c01eebb2afd9,2023-W05,2023-01-31,IL,noam,Noam,far-right,outside reporting,press,Reported development,Netanyahu ally wants to stop Diaspora donors from funding pluralistic education in Israeli schools - Jewish Telegraphic Agency,A Netanyahu ally seeks to prevent Diaspora donors from funding pluralistic education programs in Israeli schools.,https://news.google.com/rss/articles/CBMi2wFBVV95cUxQV29ILXpzV2pkbkdybDJZNHpzMjduWkpDVkVWRGdRVEZMeUwyTGNTcS1MTGVNQlhqZ185bGVVaURPNXlSWTk0cllFZG1panBtR3JXUGl5VDUtWDYyanF5Vm9heEo4VEk3RGgwbjNaaF9UNDJQVGh5TG1KZS1la0Qtb2U2SmFxVHJKd0lvRG9ndDhYV0o2RWN2b3JqUUw2cXpacmVaQkhtNG9vclYwQlptQ2t2STZnZVpSclZkdFVvS0R3VVRQbk9ma2U3bkRpRlNURk1iNVZOT2pSaTA?oc=5,https://neilmegas.github.io/radicalneilbar/issues/2023-W05.html#item-16013bf5c01eebb2afd9,AI-assisted or deterministic fallback,not independently human-validated
b6f7214cff6c980a918b,2023-W03,2023-01-16,FI,finns,Finns Party,far-right,outside reporting,press,Reported development,"Marin calls Finns Party racist, pointing to statements by some lawmakers - Helsinki Times","Prime Minister Sanna Marin called the Finns Party racist, citing statements made by some of its lawmakers.",https://news.google.com/rss/articles/CBMi2AFBVV95cUxQeUtNZ1B4aTlSNndEVEFCN013b3NNOUxQV1g0NlFXYnBBakRrWVp6Wk14WUxGaGtzQ1F5QkhNMXRBdzNva3VKbGFLVGQyVUtCdjU1VVJUVWFxZHRmV3doOGNUYnpLclR6MnNiRjNRb3RsV2FTLTBMZ0FvQTNrMjBVaHdRMC0tYWJIa1p4U3NXY0ZiUlJHLU90MnUtUW5Gb0ZPTWhERnhfWGhhSEhPV3VQNEZ2VkRhSVhZR1I3QmZLZHpEbmg1QkRDZnNaNW51ZUJVZ3hIR0dpUUs?oc=5,https://neilmegas.github.io/radicalneilbar/issues/2023-W03.html#item-b6f7214cff6c980a918b,AI-assisted or deterministic fallback,not independently human-validated
a199c0dd415845ba3850,2026-W40,2026-09-28,FR,rn,RN,far-right,outside reporting,press,Reported development,Far right gains ground in French Senate - The Local France,The National Rally made electoral gains in French Senate elections.,https://news.google.com/rss/articles/CBMifEFVX3lxTFB1SUNOc29lWE03RjFUMDA2Yi05NTRlcURRMzZEekdLRHJELV8tTFkwaG1KNmY0bXhUUTF5M1JGSVJVLXJwZW9WTkxMV0l4T0ZFdFFfcDFJTHh1OWItclJmWkFvQ0pGX1hRakFjbDBWazFzeG90RWozUFZjdGM?oc=5,https://neilmegas.github.io/radicalneilbar/issues/2026-W40.html#item-a199c0dd415845ba3850,AI-assisted or deterministic fallback,not independently human-validated
4df3d9363dae7d61ae20,2026-W40,2026-09-28,FR,lfi,LFI,far-left,outside reporting,press,Election or campaign,"French Senate election: National Rally secures group, France Unbowed wins first seat - Yahoo News Singapore",France Unbowed won its first seat in the French Senate election held in September 2026.,https://news.google.com/rss/articles/CBMihAFBVV95cUxQcm1CSHhnSWR1TFBUNTlhTDVzbC1BMEJ5Rmttc2tEdFU2MTZxX2FOQjdkeXJUdG54bXVMdThzTVY1SnlJN2k1Q2pCYlp4blBoMm1TUkxxWHkxM1A1c2p6V2FaLWpNNFhKN1RjRkJ3ekhXeEpkbzlvNERZaGFLOEtZS25vN1c?oc=5,https://neilmegas.github.io/radicalneilbar/issues/2026-W40.html#item-4df3d9363dae7d61ae20,AI-assisted or deterministic fallback,not independently human-validated
826d6089579c468efad7,2026-W40,2026-09-28,IL,otzma,Otzma Yehudit,far-right,outside reporting,press,Public statement,Ben Gvir posts video threatening to kill detained senior Hamas figure - Middle East Eye,Itamar Ben Gvir posted a video threatening to kill a detained senior Hamas figure.,https://news.google.com/rss/articles/CBMiwAFBVV95cUxQTFFHYnZzWjFoVGdnZ1hVS3lEUTNlRFllNnhadUZLT3ZSbFR4QzNhQzM4MXVOWmhhbHhqWms5NmowdTJrZGNRbHhGM2lkVEJ6QXVHLXIwWDNKZHRxbFFVeUtZNUhCYXFOR0Njd1hxeTBUTTVfajlXOEJUU29fdDZoYTV3Um1jekdhejZ5ZEc2QUdLelVyOWExZk9hbkhzNnU0TFZjWnZWR3ZCdmFqcEJBWktpZWhreUhHeTg0eVljUUw?oc=5,https://neilmegas.github.io/radicalneilbar/issues/2026-W40.html#item-826d6089579c468efad7,AI-assisted or deterministic fallback,not independently human-validated
7d34f3000f59511d2020,2026-W40,2026-09-28,IE,nationalpartyie,National Party,far-right,outside reporting,press,Election or campaign,Speech to National Party 2026 Campaign Launch - National Party,The National Party held a campaign launch event in 2026 with a speech delivered to attendees.,https://news.google.com/rss/articles/CBMiZ0FVX3lxTE1QMkpiazRvTmd6cVhaNEdWUXZ5ZmJ4MnBkcWZJRlgzd3UyTVNyZTVleExNOEdyT0VLTmd3NzA3Y0RVQUtWb3ZJX25rQVNpZmMtS0lsTm4zU2hiUU9xcXM0R0FqeGxWRG8?oc=5,https://neilmegas.github.io/radicalneilbar/issues/2026-W40.html#item-7d34f3000f59511d2020,AI-assisted or deterministic fallback,not independently human-validated
ebf937b1240bf7e5205a,2026-W40,2026-09-27,FR,rn,RN,far-right,outside reporting,press,Reported development,Far right gains ground in French Senate - Le Monde.fr,The National Rally made electoral gains in French Senate elections according to Le Monde reporting.,https://news.google.com/rss/articles/CBMiqgFBVV95cUxPSjRNcW9IeXlVdnU5RFBfT1dQSXFuMnQtWXBmVFN2TGx0RHdJRjRhTDc4Wks2Ykt1MC1HZGYtWkJsX1RQdmg1N1JlYnVuSEtsTmtCNk5POTNDUWNCc0hjaC01TkZnSmE1NjIyYUtTNzFIeVRzcWFnWjVjT09DdEd2aWsyN2tUbXEyZnhmd2pyOU42S2h5YzBmTzc0VTRpekpBSlRXamNVQlFLUQ?oc=5,https://neilmegas.github.io/radicalneilbar/issues/2026-W40.html#item-ebf937b1240bf7e5205a,AI-assisted or deterministic fallback,not independently human-validated
50aecba30959fb2f5436,2026-W40,2026-09-27,FR,rn,RN,far-right,outside reporting,press,Reported development,Le Pen's Far-Right Party Gains Ground in the Paris Senate - bluewin.ch,The National Rally has made electoral gains in the French Senate according to reporting.,https://news.google.com/rss/articles/CBMioAFBVV95cUxNdk5LZUpNR2hIcEwtT29QR1VUTEtGMVc0SHd5b0Rsek5qVHFERkFWWU83S01ndHRCcVJfa29XRlNWZk4td0pUN09qQjQ1U3dqS2tPSGJNRzN4aTZMMzg3b0tDajRacDBMMDNIUEw3WGppSXlfYnRwRk9tTU9lWElRZ1hZYy1OTG1GbVNpa25lclI3Q09tcVdBOVpfUFhlZWI1?oc=5,https://neilmegas.github.io/radicalneilbar/issues/2026-W40.html#item-50aecba30959fb2f5436,AI-assisted or deterministic fallback,not independently human-validated
8ad98dd345effe828827,2026-W40,2026-09-27,IL,religiouszionism,Religious Zionism,far-right,outside reporting,press,Public statement,Smotrich says IDF should do in Judea and Samaria ‘what we did in Gaza’ - worldisraelnews.com,Bezalel Smotrich stated that the IDF should conduct operations in Judea and Samaria similar to those carried out in Gaza.,https://news.google.com/rss/articles/CBMiowFBVV95cUxQUVEtS0tVUm1xZl9MUWdVcm9BenJla0pySjdzaTc3SzYtcTlLc1hobzRiS1IzNjkxR3BvS0lLSjNpY1kzZWdWVTNsMW5yR3R3aHBFWkp6Q3dyMWs2VWxmaDh5aEFNWUFiQjRUNUo4SVNFd3NwSTVVTDRPSzhvQjNsYklob29YZlJHWVlaS1RtZjhTZTIwSy0wWm45eTYtT3NjM3JB0gGjAUFVX3lxTFBRUS1LS1VSbXFmX0xRZ1Vyb0F6cmVrSnJKN3NpNzdLNi1xOUtzWGhvNGJLUjM2OTFHcG9LSUtKM2ljWTNlZ1ZVM2wxbnJHdHdocEVaSnpDd3IxazZVbGZoOHloQU1ZQWJCNFQ1SjhJU0V3c3BJNVVMNE9LOG9CM2xiSWhvb1hmUkdZWVpLVG1mOFNlMjBLLTBabjl5Ni1Pc2MzckE?oc=5,https://neilmegas.github.io/radicalneilbar/issues/2026-W40.html#item-8ad98dd345effe828827,AI-assisted or deterministic fallback,not independently human-validated
cf072b58479f0072290d,2026-W40,2026-09-27,AT,fpo,FPÖ,far-right,outside reporting,press,Reported development,"Analysis • Israel's embrace is a gift to Austria's far right, but comes with hidden risks - Haaretz","Analysis examines Israel's engagement with Austria's far-right Freedom Party, noting potential benefits and risks for the party.",https://news.google.com/rss/articles/CBMinwJBVV95cUxOeGgzMHBRUmllQWNSMjZGVjBwM3dzYjFQTGdtbEZZbkVYZFJ5UVI2UmVUUDh2eUlMdUo1UEtpSERDU0ktcWkzT3pjY1VjUkxFTDZtcllYcF9tU21TM3BxTTZGaHpjb0FtMk9yQU9LV2JiNmFUNDVyaVBpOU1KQklvQl9oWnllQndrejdXenNTUFhfeG43NXg4VUp1Q2RGTW9JWkFsQ1hNTEM2b0tGaGd2RnZ3MHJicjhJcS16TnkyazJOOWM2c2xpeEhEaGFJdTB4V0l6UVF3ckE1UTlzNU5IZXNOQUNQazlTSTlheTMwR3R3Zi1oOGpLMS1MTTk2UU8ySDY2eG03S3Z6Qm5PUnB6b0dQMWJtWFFvLXJrM3E4UQ?oc=5,https://neilmegas.github.io/radicalneilbar/issues/2026-W40.html#item-cf072b58479f0072290d,AI-assisted or deterministic fallback,not independently human-validated
fb16c069deba71d579a6,2026-W40,2026-09-27,GR,niki,NIKI,far-right,direct/official,site_scrape,Organisational change,Η Χαλκίδα στέλνει μήνυμα «ΝΙΚΗΣ» – Εγκαινιάστηκε το νέο Γραφείο του Κινήματος,"Democratic Patriotic Movement – Victory inaugurated a new office in Chalkida on 27 September 2026, with party president Dimitris Natsios and parliamentary members present, establishing a permanent organizational presence in Evia.",https://nikh.gr/i-chalkida-stelnei-minyma-nikis-egkainiastike-to-neo-grafeio-tou-kinimatos/,https://neilmegas.github.io/radicalneilbar/issues/2026-W40.html#item-fb16c069deba71d579a6,AI-assisted or deterministic fallback,not independently human-validated
c03fff64ee54c2ffa4c6,2026-W40,2026-09-27,IT,fdi,FdI,far-right,outside reporting,press,Policy proposal,"Socar to Cut Italy Fuel Prices, Pre-Empting Meloni Windfall Tax - bloomberg.com",Socar announced fuel price cuts in Italy in apparent response to a windfall tax proposal by the Meloni government.,https://news.google.com/rss/articles/CBMiswFBVV95cUxQaVlUcmwtNGN6OXo4ZXYwN19sX1ZUZlpySFRmbW0xdkF0anBCdXRXa1V0QVhvOWJLLVVFMWJwaFFPVnc1VVBRNGh6RkF0WmR3cW93eUV2c1MzNTg1THVoOFowTkUyLXg5MGdZdXRXc0h6cWtSNzVCaU1zYlotYXR2QVM5enFLeWdveGl1cTlwM0F3azJuWHNjWnY2X2lPVkhVQXIya01RZU1DVHRHTGtRX0Fmaw?oc=5,https://neilmegas.github.io/radicalneilbar/issues/2026-W40.html#item-c03fff64ee54c2ffa4c6,AI-assisted or deterministic fallback,not independently human-validated
